Andrew Luck,25.82
Philip Rivers,25.72
Matt Forte,22.7
Russell Wilson,21.56
Drew Brees,23.8
Jameis Winston,19.12
Aaron Rodgers,19.02
Kirk Cousins,18.62
Alex Smith,18.56
David Johnson,17.4
Cam Newton,19.26
Ryan Tannehill,18.1
Tyrod Taylor,18.08
Ben Roethlisberger,18.02
Matthew Stafford,18.02
Carson Palmer,17.92
Eli Manning,17.48
Devonta Freeman,17.1
Sam Bradford,16.94
DeAngelo Williams,15.9
Jeremy Langford,15.5
Antonio Brown,15.44
Mark Ingram,15.4
Matt Ryan,17.38
Frank Gore,15.1
Thomas Rawls,14.9
Odell Beckham,14.8
Ryan Fitzpatrick,15.7
Josh Ferguson,14.4
Eddie Lacy,14.4
Joe Flacco,16.38
Jay Ajayi,14.1
Dak Prescott,13.92
Justin Forsett,14.5
Rashad Jennings,13.5
Alshon Jeffery,13.44
Tavon Austin,13.34
Mike Evans,13.34
Will Fuller,13.1
T.Y. Hilton,13.0
Brandin Cooks,12.6
Isaiah Crowell,12.6
Jay Cutler,13.6
Cody Kessler,13.58
Jordan Reed,12.4
Dez Bryant,12.34
Amari Cooper,12.34
Ezekiel Elliott,12.3
Danny Woodhead,12.3
Doug Baldwin,12.2
Delanie Walker,12.2
Derek Carr,12.98
Trevor Siemian,12.98
Marcus Mariota,12.96
Blaine Gabbert,12.82
Anquan Boldin,11.7
Jimmy Graham,11.6
DeVante Parker,11.6
Terrance Williams,11.54
Jordan Matthews,11.5
Andy Dalton,13.28
Brian Hoyer,12.24
Blake Bortles,13.2
Jimmy Garoppolo,11.94
Case Keenum,11.72
Jermaine Kearse,10.7
Gary Barnidge,10.64
Antonio Gates,10.64
Carson Wentz,12.64
Charles Sims,10.6
C.J. Anderson,10.5
Andrew Hawkins,10.5
Markus Wheaton,10.4
Donte Moncrief,10.24
Corey Coleman,10.1
DeMarco Murray,10.04
Jacoby Brissett,11.8
Coby Fleener,9.8
Charles Johnson,9.8
Julius Thomas,9.7
Terrance West,9.6
Julio Jones,9.3
Clive Walford,9.0
Jonathan Stewart,8.9
Doug Martin,8.84
Brock Osweiler,10.8
Paul Richardson,8.8
Latavius Murray,8.6
LeSean McCoy,8.5
Will Tye,8.5
Dwayne Allen,8.14
Brent Celek,8.1
Adrian Peterson,8.0
Darren Fells,7.94
Jamaal Charles,7.9
Christine Michael,8.8
Lamar Miller,8.8
Jack Doyle,7.7
Chris Conley,7.6
Allen Robinson,7.6
Matt Asiata,7.54
Marquise Goodwin,7.5
Carlos Hyde,7.5
Todd Gurley,7.4
Matt Jones,7.4
DeAndre Hopkins,7.2
Jordy Nelson,7.2
Leonte Carroo,7.14
Demaryius Thomas,7.1
LeGarrette Blount,7.04
Hunter Henry,7.0
Jarvis Landry,7.0
Emmanuel Sanders,7.0
Ryan Mathews,6.94
Ed Dickson,6.9
Jeremy Maclin,6.84
Melvin Gordon,6.8
Jeremy Hill,6.8
Josh Hill,6.8
Larry Fitzgerald,6.7
Geoff Swaim,6.7
Travis Kelce,6.64
Ameer Abdullah,6.6
Randall Cobb,6.6
DeSean Jackson,6.6
Eric Decker,6.5
Julian Edelman,6.4
Sammy Watkins,6.4
Mike Tolbert,7.1
Michael Crabtree,6.04
Marvin Jones,5.9
Keenan Allen,5.8
Vincent Jackson,5.8
Travis Benjamin,5.7
Allen Hurns,5.7
Kelvin Benjamin,5.64
Michael Floyd,5.64
A.J. Green,6.44
Pierre Garcon,5.4
John Brown,5.3
Mohamed Sanu,5.24
Ted Ginn,5.14
Kamar Aiken,5.1
Stefon Diggs,5.1
Golden Tate,5.1
Duke Johnson,5.04
Zach Ertz,4.9
Torrey Smith,4.9
Jason Witten,4.9
James Starks,4.84
Darren Sproles,4.8
Kenny Britt,4.74
Mike Wallace,4.7
Giovani Bernard,5.64
Rishard Matthews,4.6
Robert Woods,4.54
Brandon Marshall,5.5
Shane Vereen,4.44
Kevin White,4.44
Quincy Enunwa,4.4
Tyler Lockett,4.4
Dennis Pitta,4.4
AJ McCarron,4.36
Albert Wilson,4.34
Cole Beasley,4.24
Charles Clay,4.2
Rob Gronkowski,4.2
Jeremy Kerley,4.2
Greg Olsen,5.2
Theo Riddick,4.2
Sterling Shepard,4.1
Quinton Patton,4.04
Martellus Bennett,4.0
Brandon Coleman,4.0
Willie Snead,3.9
Kenny Stills,3.9
Jamison Crowder,3.74
Tim Hightower,3.7
Kyle Rudolph,3.64
Austin Seferian-Jenkins,3.64
Jacob Tamme,3.5
Jaelen Strong,3.4
James White,3.4
Javorius Allen,3.34
Jared Cook,3.3
Greg Salas,3.3
Richard Rodgers,3.2
Jordan Cameron,3.1
Larry Donnell,3.1
Eric Ebron,3.0
Nelson Agholor,2.9
Mike Gillislee,2.9
Vance McDonald,2.9
Fitzgerald Toussaint,2.9
C.J. Uzomah,2.9
Travaris Cadet,2.8
Seth Roberts,2.8
Robert Turbin,2.8
Brandon LaFell,3.74
Danny Amendola,2.7
Devin Funchess,2.7
Jesse James,2.7
Jerick McKinnon,2.7
Bilal Powell,2.7
Andre Williams,2.64
Alfred Blue,2.6
Corey Brown,2.6
Zach Miller,2.6
Denard Robinson,2.6
Cecil Shorts,2.6
Drew Stanton,2.6
Benny Cunningham,2.5
Jermaine Gresham,2.5
Cameron Brate,2.4
Lance Dunbar,2.4
Chris Hogan,2.4
Lance Kendricks,2.4
Dwayne Washington,2.4
Tevin Coleman,2.34
Arian Foster,2.3
Taylor Gabriel,2.2
Chris Johnson,2.2
Troymaine Pope,2.2
Spencer Ware,2.2
Charcandrick West,2.2
Harry Douglas,2.14
C.J. Prosise,2.1
Bryan Walters,2.1
Andre Holmes,2.04
Reggie Bush,2.0
Kenneth Farrow,2.0
Alfred Morris,2.0
Jacquizz Rodgers,2.0
Cameron Artis-Payne,1.94
Phillip Dorsett,1.94
T.J. Yeldon,1.94
Brice Butler,1.9
Ka'Deem Carey,1.9
Darrius Heyward-Bey,1.9
Adam Humphries,1.9
Marcedes Lewis,1.9
Brian Quick,1.9
Chris Thompson,2.9
Daryl Richardson,1.84
Jonathan Grimes,1.8
Jalin Marshall,1.8
Bryce Treggs,1.8
Damien Williams,1.8
Kyle Juszczyk,1.74
Devontae Booker,1.7
Mike Davis,1.7
Justin Hardy,1.7
Jordan Howard,1.7
Josh Huff,1.7
Andre Johnson,1.7
Mychal Rivera,1.7
Andre Ellington,1.64
Eddie Royal,1.64
Michael Thomas,1.64
Derrick Henry,1.6
Marqise Lee,1.6
Griff Whalen,1.6
Kenjon Barner,1.5
Crockett Gillmore,1.5
Dontrelle Inman,1.5
Chris Moore,1.5
Chester Rogers,1.5
Terron Ward,1.5
Bennie Fowler,1.44
Kapri Bibbs,1.4
Malcolm Brown,1.4
Tyler Ervin,1.4
Eli Rogers,1.4
Tyler Boyd,1.34
Josh Doctson,1.3
Dwayne Harris,1.3
Tyreek Hill,1.3
Rob Kelley,1.3
Daniel Lasco,1.3
J.J. Nelson,1.3
Jordan Norwood,1.3
Jordan Todman,1.3
Laquon Treadwell,1.3
Luke Willson,1.3
Victor Cruz,1.24
Adam Thielen,1.24
Davante Adams,1.2
Stephen Anderson,1.2
Jaron Brown,1.2
Rashad Greene,1.2
Ryan Griffin,1.2
Tommylee Lewis,1.2
Marc Mariani,1.2
Bradley Marquez,1.2
Dion Sims,1.2
Maxx Williams,1.2
Sammie Coates,1.14
Trevor Davis,1.1
Vernon Davis,1.1
Ryan Grant,1.1
Virgil Green,1.1
Andre Roberts,1.1
Deonte Thompson,1.1
Fozzy Whittaker,1.1
James Wright,1.1
Austin Hooper,1.04
Terrelle Pryor,1.04
Aaron Burbridge,1.0
Garrett Celek,1.0
Shaun Draughn,1.0
Alex Erickson,1.0
Aldrick Robinson,1.0
Tajae Sharpe,1.0
Rod Streater,1.0
Jared Abbrederis,0.94
Braxton Miller,0.94
Aaron Ripkowski,0.94
Tyrell Williams,0.94
Robby Anderson,0.9
Knile Davis,0.9
Corey Grant,0.9
Xavier Grimble,0.9
Taiwan Jones,0.9
Rashad Ross,0.9
Mike Thomas,0.9
C.J. Fiedorowicz,0.84
Kellen Davis,0.8
Anthony Fasano,0.8
Tyler Higbee,0.8
Cody Latimer,0.8
Ricardo Louis,0.8
Niles Paul,0.8
Eric Weems,0.8
Jeff Janis,0.74
Brenton Bersin,0.7
Jakeem Grant,0.7
Jeff Heuerman,0.7
Tavarres King,0.7
Sean McGrath,0.7
Raheem Mostert,0.7
Brandon Myers,0.7
Lee Smith,0.7
Lucky Whitehead,0.7
Cole Wick,0.7
Nick Foles,0.68
Patrick DiMarco,0.64
George Atkinson,0.6
Blake Bell,0.6
Quan Bray,0.6
Demetrius Harris,0.6
Ty Montgomery,0.6
Nick O'Leary,0.6
Cordarrelle Patterson,0.6
Brandon Tate,0.6
Jerell Adams,0.5
Josh Bellamy,0.5
Matt Cassel,0.5
Seth Devalve,0.5
Clay Harbor,0.5
Devin Hester,0.5
Andy Janovich,0.5
Ben Koyack,0.5
Zach Line,0.5
David Morgan,0.5
Jay Prosch,0.5
Erik Swoope,0.5
Randall Telfer,0.5
Trey Burton,0.44
Jim Dray,0.4
Rhett Ellison,0.4
Gavin Escobar,0.4
Temarrick Hemingway,0.4
Malcolm Johnson,0.4
John Kuhn,0.4
Keith Mumphery,0.4
Troy Niklas,0.4
Jalen Richard,1.4
Luke Stocker,0.4
Phillip Supernaw,0.4
Levine Toilolo,0.4
Brett Hundley,0.38
Derek Anderson,0.36
Chase Daniel,0.36
Chad Henne,0.36
Matt Moore,0.36
Ryan Nassib,0.36
Mark Sanchez,0.36
Colin Kaepernick,0.34
Trevone Boykin,0.32
Paxton Lynch,0.32
EJ Manuel,0.32
Tom Savage,0.32
Scott Tolzien,0.32
James Develin,0.3
Cory Harkey,0.3
Ryan Hewitt,0.3
Logan Paulsen,0.3
Justin Perillo,0.3
John Phillips,0.3
Neal Sterling,0.3
Mike Glennon,0.28
Luke McCown,0.28
Geno Smith,0.28
Colt McCoy,0.24
Matt McGloin,0.24
MarQueis Gray,0.2
David Johnson,0.2
Anthony Sherman,0.2
DeAndre Washington,1.2
Kellen Clemens,0.16
Matt Schaub,0.16
Brandon Bostick,0.1
Jerome Felton,0.1
Rod Smith,0.1
Brandon Williams,0.1
Jared Goff,-0.64
Landry Jones,-0.64
Dan Orlovsky,-0.68
Ryan Mallett,-0.72
Shaun Hill,-0.84
Miami Dolphins,13.0
Los Angeles Rams,12.0
Chicago Bears,10.0
Cincinnati Bengals,8.0
Green Bay Packers,7.0
Houston Texans,8.0
Buffalo Bills,6.0
Cleveland Browns,7.0
Tampa Bay Buccaneers,7.0
San Diego Chargers,6.0
Indianapolis Colts,6.0
Atlanta Falcons,6.0
Jacksonville Jaguars,6.0
Detroit Lions,6.0
Carolina Panthers,6.0
New England Patriots,7.0
Baltimore Ravens,6.0
Seattle Seahawks,7.0
Tennessee Titans,6.0
Oakland Raiders,6.0
San Francisco 49ers,4.0
Denver Broncos,4.0
Dallas Cowboys,5.0
Philadelphia Eagles,4.0
New York Giants,4.0
New York Giants,4.0
Washington Redskins,4.0
New Orleans Saints,4.0
Pittsburgh Steelers,4.0
Minnesota Vikings,4.0
Arizona Cardinals,3.0
Kansas City Chiefs,3.0
New York Jets,2.0
